epoch,train_loss,recon_loss,recon_lambda,lr,seconds,windows_dropped,amp_rescued,worst_class_edge_loss,node_macro_f1,node_macro_f1_all_classes,node_classes_present,node_weighted_f1,node_accuracy,node_f1_BENIGN,node_f1_Volumetric_Flood,node_f1_PortScan,node_f1_BruteForce,node_f1_Botnet,node_binary_pr_auc,node_binary_roc_auc,node_recall_at_fpr_0.01,node_recall_at_fpr_0.001,node_binary_f1,node_pr_auc_Volumetric_Flood,node_pr_auc_PortScan,node_pr_auc_BruteForce,node_pr_auc_Botnet,edge_macro_f1,edge_macro_f1_all_classes,edge_classes_present,edge_weighted_f1,edge_accuracy,edge_f1_BENIGN,edge_f1_Volumetric_Flood,edge_f1_PortScan,edge_f1_BruteForce,edge_f1_Botnet,edge_binary_pr_auc,edge_binary_roc_auc,edge_recall_at_fpr_0.01,edge_recall_at_fpr_0.001,edge_binary_f1,edge_pr_auc_Volumetric_Flood,edge_pr_auc_PortScan,edge_pr_auc_BruteForce,edge_pr_auc_Botnet
1,1.0705191742517601,7.583767640912555,0.09999999999999999,0.0013333333333333333,32.20097351074219,0,0,0.0,0.20074074256217914,0.20074074256217914,5.0,0.9796084073759369,0.9755260205989327,0.9878306969378797,0.015873015873015872,0.0,0.0,0.0,0.04575584152199001,0.8467591355456284,0.0653061224489796,0.061224489795918366,0.04588394062078273,0.07899343389681704,0.006238518064911207,0.31102360889513514,0.05131004948980734,0.17739473141685208,0.17739473141685208,5.0,0.7068316696804229,0.7969026633823416,0.8869736570842603,0.0,0.0,0.0,0.0,0.8631235700502029,0.9837391965133891,0.13983181333649178,0.0,0.0,0.4869553174750707,0.7825573159430743,0.006420907995243912,0.0007661346521728074
2,0.6984720275424574,7.383311662344293,0.19999999999999998,0.002,31.01012110710144,0,0,0.0,0.19681652193150728,0.19681652193150728,5.0,0.971888814096023,0.9594139841598966,0.9800503515930202,0.0,0.004032258064516129,0.0,0.0,0.07141730037123692,0.8870737573153618,0.12244897959183673,0.06938775510204082,0.0756234915526951,0.10825788540074255,0.5068027210884354,0.09456121771330049,0.006539008019851264,0.17739473141685208,0.17739473141685208,5.0,0.7068316696804229,0.7969026633823416,0.8869736570842603,0.0,0.0,0.0,0.0,0.9892273885860137,0.9960478705889717,0.9732559516759446,0.7630463105531209,0.0,0.47433541790439354,0.9996926301981375,0.010415690813749948,0.0022330094217159102
3,0.5957177440950799,7.3051994604993356,0.3,0.002,31.246208906173706,0,0,0.0,0.17776712877828388,0.17776712877828388,5.0,0.8642295893872726,0.77082837621945,0.871374405758608,0.0,0.002163331530557058,0.0,0.015297906602254429,0.0768038345361016,0.776706194920554,0.12244897959183673,0.08163265306122448,0.028774887371021653,0.004793391035950839,0.8333333333333333,0.0026163520977132517,0.00490239343265952,0.4499202394372082,0.4499202394372082,5.0,0.8974951781616424,0.9148545146639981,0.9544921464158207,0.3851275900574879,0.9099814607127326,0.0,0.0,0.9939864916159313,0.9958931140480851,0.9949070235698212,0.9702238540803032,0.7700260655570603,0.5139180253446756,0.9964147195341643,0.00488037220477835,0.002392795746798478
4,0.3193448310757179,7.2710965913989245,0.2935135135135135,0.0019963974885425263,30.83139204978943,0,0,0.0,0.16518986510968373,0.16518986510968373,5.0,0.4063411850125735,0.2628233454570176,0.40950719581334494,0.37037037037037035,0.02666666666666667,0.0,0.019405092698036714,0.10210144807895469,0.8690019628883979,0.12653061224489795,0.0653061224489796,0.021941309255079006,0.5263130831323432,1.0,0.0035929304962543287,0.013857934721386394,0.5008052370817226,0.5008052370817226,5.0,0.7821964880637009,0.6685301362481718,0.7650431294778984,0.8669606128531665,0.8651816568599981,0.0,0.006840786217549612,0.9941208667456456,0.9982310904661545,0.9777567215444747,0.8433258320502192,0.5725330620549339,0.9084954666318987,0.9233384940999578,0.0048903880887148175,0.00882424885079276
5,0.2260414310715683,7.249420572467689,0.28702702702702704,0.0019856159103477087,30.579907178878784,0,0,0.0,0.1688356955916972,0.1688356955916972,5.0,0.6983540598502315,0.5444440667595771,0.7040732791999469,0.1111111111111111,0.013513513513513514,0.0,0.01548057413391448,0.07315683287769416,0.6105677686170101,0.09795918367346938,0.0653061224489796,0.019500036654204238,0.1667707081040926,1.0,0.0005007585732047899,0.007441437516876066,0.5092449177404393,0.5092449177404393,5.0,0.9298230463993795,0.9106977907782311,0.9681095024285816,0.7167785234899329,0.8522324465609223,0.0,0.00910411622276029,0.9952194055079353,0.997615381554593,0.9935331043467962,0.8366931185597536,0.8913506694511878,0.7521082446329219,0.6293521360233424,0.0035702481111610893,0.0046130231934369305
6,0.08224460342686242,7.234626445024373,0.2805405405405405,0.001967732946933499,30.853866577148438,0,0,0.0,0.21711678594790546,0.21711678594790546,5.0,0.7738760668501791,0.6409123355654509,0.7801155201534709,0.2,0.0784313725490196,0.0,0.027037037037037037,0.0494929436569339,0.7279178552890958,0.08979591836734693,0.0326530612244898,0.030879514750482492,0.3547935711867276,1.0,0.0029153170842380898,0.013054765033246514,0.45726614396827525,0.45726614396827525,5.0,0.9182606859067919,0.9182366638441999,0.9861021944225349,0.4903562417140658,0.7934291854788997,0.0,0.016443098225876245,0.9962695773116763,0.9986855115143248,0.9934146630344665,0.8256543882506218,0.948696535379754,0.8813558228615628,0.9995598121335587,0.0076335272009973865,0.006227978822117165
7,0.03476846129742829,7.216196562227701,0.27405405405405403,0.0019428774454610842,30.154709339141846,0,0,0.0,0.147389338228381,0.147389338228381,5.0,0.6920182225254037,0.5380876304429111,0.697629824522286,0.0,0.012307692307692308,0.0,0.027009174311926606,0.02717848429122636,0.765539276655339,0.09387755102040816,0.0163265306122449,0.030595467867610266,0.08411799534054393,1.0,0.0017428926570951103,0.012701579075769857,0.46288195551302386,0.46288195551302386,5.0,0.926574823351824,0.9348058271110768,0.9967453903111843,0.4886339312470568,0.7930592329852958,0.0,0.03597122302158273,0.9982419938298848,0.9990912307670791,0.9953807888191402,0.9949070235698212,0.9873566459860876,0.9667047582875797,0.9766323935896707,0.026169994773006085,0.009359976696628965
8,0.01024581082010644,7.204443110531158,0.26756756756756755,0.0019112284903881358,30.349830627441406,0,0,0.0,0.21118240643082534,0.21118240643082534,5.0,0.9780382578807122,0.9714470240320882,0.9860044523443836,0.0,0.03669724770642202,0.0,0.033210332103321034,0.060502951104367056,0.8866294142254145,0.11020408163265306,0.0326530612244898,0.08978675645342311,0.008798800651167504,1.0,0.0029886672634361483,0.025285086459174627,0.3657049778503761,0.3657049778503761,5.0,0.8883320041500019,0.9153356169655915,0.9990887750360568,0.09585632370442497,0.7335797905113987,0.0,0.0,0.9970836478965173,0.9986386003428144,0.9951202179320147,0.9949307118322871,0.9964171313323051,0.9974016580540301,1.0,0.04025143115018002,0.007940055007069029
9,0.005118152264513375,7.191076611326505,0.2610810810810811,0.0018730141131611882,30.57284140586853,0,0,0.0,0.21036153480559566,0.21036153480559566,5.0,0.9832179253517123,0.9818144736394847,0.9913153920087876,0.0,0.0392156862745098,0.0,0.02127659574468085,0.09605137746907592,0.8685395019048271,0.11836734693877551,0.07346938775510205,0.11846689895470383,0.006716925126955749,1.0,0.0031603666401827015,0.017822502423789435,0.3718156456295943,0.3718156456295943,5.0,0.8911457835388046,0.9169328766068817,0.9992790020664585,0.12316715542521994,0.736632070656293,0.0,0.0,0.9977699265172864,0.9989295419046119,0.994978088357219,0.9948122705199574,0.9971624300996118,0.9990626632314639,1.0,0.13571055598573048,0.006918008941989797
10,0.0024338379821164952,7.1907214625171445,0.2545945945945946,0.0018285096492438421,30.692939519882202,0,0,0.0,0.21927696354358,0.21927696354358,5.0,0.9855511972569433,0.9868452360719263,0.9938207151537974,0.0,0.10256410256410256,0.0,0.0,0.10826778874762792,0.8706467738257297,0.12653061224489795,0.08163265306122448,0.1342925659472422,0.01600560076970984,1.0,0.004147789797536706,0.019163846382825353,0.37130263577456457,0.37130263577456457,5.0,0.8909372815797495,0.9168607112616427,0.9993031527060903,0.12086269485372625,0.7363473313130063,0.0,0.0,0.9980583144745898,0.9990789248576663,0.994978088357219,0.9948359587824233,0.9972571509991807,0.9997385862268722,0.9999999788470623,0.15912516209540556,0.007062670814636348
11,0.002414839569213878,7.178488750697515,0.2481081081081081,0.0017780357543184396,31.474079132080078,0,0,0.0,0.22489731180933106,0.22489731180933106,5.0,0.9853217895353444,0.9862333865868996,0.9934418931182685,0.0,0.1111111111111111,0.0,0.019933554817275746,0.0978806645288319,0.850865461698493,0.12653061224489795,0.07346938775510205,0.12356979405034325,0.02239149060193685,1.0,0.0047422636448665526,0.018295052491612698,0.37403226957810964,0.37403226957810964,5.0,0.8921097398563352,0.9173947348164113,0.9992669263095019,0.13312118801378944,0.7377732335672569,0.0,0.0,0.9985624918975498,0.999429954715213,0.9951675944569466,0.9949070235698212,0.997115076397051,0.9991006059672292,0.9999993934074289,0.21106649998961818,0.010107312226984112
12,0.0020373380599941044,7.165127342806182,0.2416216216216216,0.0017219560939545245,31.834167003631592,0,0,0.0,0.23599282571136398,0.23599282571136398,5.0,0.9856581288974969,0.9871511608144397,0.993856001095309,0.03508771929824561,0.14285714285714285,0.0,0.00816326530612245,0.10354519786193948,0.8389172355032368,0.11836734693877551,0.07346938775510205,0.11793611793611794,0.03656390953969037,1.0,0.006049542019307018,0.016301344934059582,0.43380312849818603,0.43380312849818603,5.0,0.9185414690455196,0.9322511738896159,0.9993001339398839,0.3950392121101587,0.7746762964408875,0.0,0.0,0.9985833879217823,0.9994008524646867,0.9950017766196849,0.9948596470448893,0.9972453099026359,1.0,0.999995172568446,0.2779732652644066,0.00754714864083189
13,0.0014349596413910117,7.152495137989882,0.23513513513513512,0.0016606747233900813,32.18927836418152,0,0,0.0,0.23785914530558175,0.23785914530558175,5.0,0.9860538188674773,0.9879669601278086,0.9942520870398248,0.04395604395604396,0.14285714285714285,0.0,0.00823045267489712,0.10577939775519264,0.8174803396370545,0.12244897959183673,0.08163265306122448,0.12041884816753927,0.03775851588140187,1.0,0.004226757553604995,0.01812192970929221,0.48238551872968555,0.48238551872968555,5.0,0.9403572355454308,0.9473722192286967,0.9993001339398839,0.5962113659022931,0.8164160938062504,0.0,0.0,0.998877536255204,0.9995447904680901,0.9951912827194125,0.9948596470448893,0.9972453099026359,1.0,0.9999904336078719,0.4925046973475964,0.00824045735973274
14,0.0013030249434210026,7.1502973472689115,0.22864864864864864,0.0015946331763042867,31.058075428009033,0,0,0.0,0.22957813225132165,0.22957813225132165,5.0,0.9860889231547016,0.9881029266800367,0.9943553077212548,0.020202020202020204,0.13333333333333333,0.0,0.0,0.10307080009790391,0.8106841708370467,0.11428571428571428,0.07755102040816327,0.12234042553191489,0.029469911260631875,1.0,0.003977397409476346,0.017617860563048118,0.4842773893679716,0.4842773893679716,5.0,0.9412203593279608,0.9480361404048957,0.9993061756401284,0.603728679095597,0.8183520921041326,0.0,0.0,0.9990069783928698,0.9995817015463797,0.9952386592443444,0.9948596470448893,0.9972689275197112,1.0,0.9999900288629987,0.24033384539294023,0.012676642683394966
15,0.0015465150194006732,7.14849645322539,0.22216216216216214,0.0015243072835572319,30.778707027435303,0,0,0.0,0.22283906798417402,0.22283906798417402,5.0,0.9855801124163084,0.9868792277099834,0.9937864808887216,0.019417475728155338,0.09302325581395349,0.0,0.00796812749003984,0.1120583828859085,0.8165739552830797,0.1346938775510204,0.08979591836734693,0.12949640287769784,0.019173440464169095,1.0,0.0024167615795959102,0.023660814603915406,0.4872160705692966,0.4872160705692966,5.0,0.9425560778823145,0.9490608883072896,0.999309190183864,0.6154269755732997,0.8213441870893193,0.0,0.0,0.9991200255590863,0.9996603306865338,0.9955229183939358,0.9948833353073552,0.9972808340358835,0.9999999257067442,0.9999897688949206,0.5193113444689056,0.013191220364403651
16,0.0014179334847670714,7.145001403654421,0.21567567567567567,0.0014502037448176732,31.175867080688477,0,0,0.0,0.23373308450060398,0.23373308450060398,5.0,0.985639053209605,0.9872871273666678,0.9938906477282451,0.06666666666666667,0.10810810810810811,0.0,0.0,0.09762836830273935,0.8203660514044515,0.10612244897959183,0.06938775510204082,0.1141439205955335,0.03275913085781975,1.0,0.0021255313527382834,0.031157320588316995,0.5469310995416411,0.5469310995416411,5.0,0.970092768531717,0.97254830267108,0.9993061756401284,0.838475499092559,0.8968738229755179,0.0,0.0,0.999083698764243,0.9996129332106872,0.9959729953807889,0.9948122705199574,0.9972689275197112,1.0,0.9999699785543867,0.23403869189724724,0.018262355250929917
17,0.00112463646264773,7.134691984259161,0.2091891891891892,0.0013728564777803088,30.541355848312378,0,0,0.0,0.22727825574101126,0.22727825574101126,5.0,0.9863790062278942,0.9887147761650634,0.9946478343393581,0.024096385542168676,0.11764705882352941,0.0,0.0,0.11256460521861875,0.8181067011023235,0.11428571428571428,0.07346938775510205,0.12324929971988796,0.02987842818158381,1.0,0.001921353579364821,0.03277066972838148,0.5305134198180674,0.5305134198180674,5.0,0.9624326403969578,0.9655867523670233,0.9993091943516834,0.7801919811484215,0.8730659235902325,0.0,0.0,0.9991531030826737,0.9996281193345765,0.9958071775435272,0.9948122705199574,0.9972807694591225,1.0,0.9999857318857674,0.6794655306520021,0.016100285665005584
18,0.0009987465494150948,7.127686515686343,0.2027027027027027,0.0012928227712765503,30.77798867225647,0,0,0.0,0.230661656392917,0.230661656392917,5.0,0.9861618059264511,0.9882728848703219,0.9944241097389936,0.041237113402061855,0.11764705882352941,0.0,0.0,0.10945332950825049,0.8050004686868235,0.11428571428571428,0.08163265306122448,0.12365591397849462,0.03333488062812017,1.0,0.0017102896808879704,0.03217954585936666,0.5564984928009918,0.5564984928009918,5.0,0.9745944899100986,0.976777191902086,0.9993061756401284,0.8712160082093381,0.911970280155493,0.0,0.0,0.9990225961114425,0.9995747682952366,0.9952149709818785,0.9947885822574914,0.9972689275197112,1.0,0.9999217585676083,0.5744064367463032,0.012827263873411123
19,0.0008878420707963175,7.123881584987239,0.1962162162162162,0.0012106792699957264,31.313610553741455,0,0,0.0,0.23117548460188053,0.23117548460188053,5.0,0.9868936769344117,0.9897005336687175,0.995163137295117,0.03571428571428571,0.125,0.0,0.0,0.12805081890108583,0.8317097415506958,0.12244897959183673,0.08979591836734693,0.1398176291793313,0.030013359177970975,1.0,0.0013783548914293672,0.04867420272012493,0.5072761552119596,0.5072761552119596,5.0,0.9517106179045569,0.9563832653375414,0.9993091943516834,0.6935866983372921,0.8434848833708224,0.0,0.0,0.999133092140104,0.9996298337343351,0.9954992301314699,0.9947885822574914,0.9972807694591225,1.0,0.9999529789197954,0.6854821746812206,0.013911250379665093
20,0.0009195417435264741,7.118740580809516,0.1897297297297297,0.0011270178197468788,30.94574761390686,0,0,0.0,0.22948757109537707,0.22948757109537707,5.0,0.9863283725482179,0.9885788096128353,0.9945960736028456,0.023809523809523808,0.12903225806451613,0.0,0.0,0.11338655241165861,0.8154846431614395,0.11428571428571428,0.08571428571428572,0.1270718232044199,0.04771029363794517,1.0,0.0011771591428184026,0.03359038475057767,0.531094994227389,0.531094994227389,5.0,0.9627006505209367,0.9658224924948041,0.9993061756401284,0.7823018646002698,0.8738669308965467,0.0,0.0,0.9992529947360955,0.9996945821427419,0.9962809427928462,0.9948359587824233,0.9972689275197112,1.0,0.9999380619041922,0.615550894850526,0.021525035835851053
21,0.0007851392379907711,7.11286845415123,0.18324324324324323,0.0010424412031961483,32.014065980911255,0,0,0.0,0.23327522948035795,0.23327522948035795,5.0,0.9868429785638116,0.9896325503926034,0.9951117795856976,0.03333333333333333,0.13793103448275862,0.0,0.0,0.12219205375092215,0.8187037521528115,0.12244897959183673,0.08571428571428572,0.13333333333333333,0.04295806667167182,1.0,0.001462060787523452,0.04042300496271028,0.5211418401073626,0.5211418401073626,5.0,0.9580920354532259,0.9617812331614194,0.9993091943516834,0.7458134397491627,0.8605865664359674,0.0,0.0,0.9992140564310046,0.9996680256071061,0.9959729953807889,0.9947885822574914,0.9972807694591225,1.0,0.9999330487449567,0.6604567176943473,0.01748793955805976
22,0.0008632920044490021,7.107489121380631,0.17675675675675676,0.0009575587968038519,31.33298110961914,0,0,0.0,0.23423323637089957,0.23423323637089957,5.0,0.9856116649664333,0.9868112444338693,0.9937175822106579,0.022988505747126436,0.13333333333333333,0.0,0.02112676056338028,0.11240189158005956,0.8358816139055882,0.12244897959183673,0.08571428571428572,0.12826603325415678,0.03310612931995693,1.0,0.0012333902602111445,0.03991007609202757,0.5310043371933191,0.5310043371933191,5.0,0.9626562828441444,0.9657791932876607,0.9993031527060903,0.7819798622885021,0.8737386709720031,0.0,0.0,0.9993610178272011,0.9997813044138558,0.9967547080421651,0.9949307118322871,0.9972571509991807,0.9999632477987785,0.9999178074136228,0.5283941296562887,0.03415208571041554
23,0.0007982508290249697,7.105480493613461,0.17027027027027025,0.0008729821802531213,30.83669114112854,0,0,0.0,0.23377196268921235,0.23377196268921235,5.0,0.9869454842925153,0.9897685169448316,0.9952144932490172,0.03571428571428571,0.13793103448275862,0.0,0.0,0.12359389690717014,0.807529558748844,0.12244897959183673,0.08571428571428572,0.14634146341463414,0.0374635229238104,1.0,0.0014548647528281567,0.03333653828518485,0.5311886383278184,0.5311886383278184,5.0,0.9627462809502616,0.9658657917019475,0.9993091943516834,0.7826387688051184,0.8739952284822903,0.0,0.0,0.9992174272646213,0.9996617052953494,0.9961861897429823,0.9948122705199574,0.9972807694591225,1.0,0.999890482930544,0.6249036503106651,0.020338855150178282
24,0.0006790751809210606,7.1038186643237955,0.16378378378378378,0.000789320730004274,30.97641658782959,0,0,0.0,0.22759718617308308,0.22759718617308308,5.0,0.9868511157972418,0.9895985587545464,0.9951287880082725,0.0,0.14285714285714285,0.0,0.0,0.11759868825536801,0.8347965689326393,0.12653061224489795,0.08571428571428572,0.13897280966767372,0.018757711446415137,1.0,0.0011495104382684858,0.04222472946278722,0.5086798344615664,0.5086798344615664,5.0,0.9523524000127218,0.9569124778692941,0.9993061756401284,0.6989465902790611,0.8451464063886425,0.0,0.0,0.9993406504452742,0.9997281204097945,0.9969915906668246,0.9948359587824233,0.9972689275197112,1.0,0.9999676022682352,0.650756924185257,0.035949316932079506
25,0.0006443568302629383,7.102299366350974,0.15729729729729727,0.0007071772287234497,31.539714097976685,0,0,0.0,0.2257095653164701,0.2257095653164701,5.0,0.9869354598291409,0.9897345253067745,0.9952144932490172,0.0,0.13333333333333333,0.0,0.0,0.1271246160865155,0.8253351110787772,0.1306122448979592,0.08979591836734693,0.14634146341463414,0.01793288974716299,1.0,0.0011519405984852932,0.03852019243422794,0.5235170881645155,0.5235170881645155,5.0,0.9591899979191096,0.9627338157185744,0.9993091943516834,0.7545994905179734,0.8636767559529207,0.0,0.0,0.9992683406662535,0.999681172198783,0.9965415136799716,0.9947885822574914,0.9972807694591225,1.0,0.9999691877165708,0.665429336005742,0.025015709674109442
26,0.0006141816907845441,7.098541027306123,0.1508108108108108,0.0006271435222196915,31.021296977996826,0,0,0.0,0.22574733856222556,0.22574733856222556,5.0,0.987122753189158,0.990108433325402,0.9954033594777943,0.0,0.13333333333333333,0.0,0.0,0.12572707333125302,0.8125095311312981,0.12653061224489795,0.08979591836734693,0.15141955835962145,0.025403341795300138,1.0,0.0011405704750469317,0.03453866187863953,0.5467660063632905,0.5467660063632905,5.0,0.9700174534175613,0.9724809483488569,0.9993091943516834,0.8379002971277649,0.8966205403370047,0.0,0.0,0.9992453736873153,0.9996602689778671,0.9965652019424375,0.9947885822574914,0.9972807694591225,1.0,0.9999643284589783,0.698160778693316,0.026102890919020336
27,0.0005456466969680417,7.098347853399202,0.14432432432432432,0.0005497962551823265,31.20988655090332,0,0,0.0,0.22668061099736336,0.22668061099736336,5.0,0.9871911549765239,0.9902443998776301,0.9954720205040581,0.0,0.13793103448275862,0.0,0.0,0.12704620483851706,0.8086681179635768,0.11836734693877551,0.09387755102040816,0.15335463258785942,0.02173113620741629,1.0,0.0009646809493516597,0.03473687119698323,0.5292284925875548,0.5292284925875548,5.0,0.9618361291690462,0.9650575398352705,0.9993091943516834,0.7755244025463527,0.871308866039738,0.0,0.0,0.999261520044149,0.9996726782117565,0.9964704488925737,0.9947885822574914,0.9972807694591225,1.0,0.999964572911792,0.6952637607924796,0.026172420936319656
28,0.0005077707438555026,7.094514345788367,0.13783783783783785,0.00047569271644276845,31.917786836624146,0,0,0.0,0.2266703120194115,0.2266703120194115,5.0,0.9871400889337,0.990142424963459,0.995420525614299,0.0,0.13793103448275862,0.0,0.0,0.12173389862345219,0.77926473530387,0.12244897959183673,0.08979591836734693,0.1518987341772152,0.022667793089424626,1.0,0.0009239182167509236,0.028586143129889677,0.5360208691457969,0.5360208691457969,5.0,0.9649945105836348,0.9678816103456239,0.9993091943516834,0.8000272721074521,0.8807678792698489,0.0,0.0,0.9991885544214061,0.9996453772393553,0.9962335662679143,0.9947885822574914,0.9972807694591225,1.0,0.9999634147740168,0.6678112823662641,0.021207930952662286
29,0.00048127914627068663,7.092809157553554,0.13135135135135134,0.0004053668236957134,32.13020443916321,0,0,0.0,0.22766926543026056,0.22766926543026056,5.0,0.9872085107204029,0.9902783915156872,0.9954891842941599,0.0,0.14285714285714285,0.0,0.0,0.12481868248075598,0.7920316944217873,0.12244897959183673,0.08979591836734693,0.15384615384615385,0.027972130739227576,1.0,0.0009727353558723255,0.031145386016525504,0.5287949997390902,0.5287949997390902,5.0,0.9616349857852021,0.964879531983681,0.9993091943516834,0.7739463601532567,0.8707194441905111,0.0,0.0,0.9992252392688352,0.9996597413437405,0.9964467606301077,0.9947885822574914,0.9972807694591225,1.0,0.9999683942903962,0.6897207046536724,0.023934623824322605
30,0.00044755481854868095,7.091159361770144,0.12486486486486487,0.00033932527660991875,31.37959337234497,0,0,0.0,0.2287274973168904,0.2287274973168904,5.0,0.9872090232787323,0.9903123831537441,0.9954893384363039,0.0,0.14814814814814814,0.0,0.0,0.12591599131764963,0.7996910164627995,0.12244897959183673,0.08979591836734693,0.14838709677419354,0.029755405019196074,1.0,0.0009461544068591376,0.03641981781026062,0.5294625414906019,0.5294625414906019,5.0,0.9619447502875077,0.9651537602955893,0.9993091943516834,0.776375708276845,0.8716278048244811,0.0,0.0,0.9991600269006459,0.9996348505845801,0.9960440601681867,0.9947885822574914,0.9972807694591225,1.0,0.9999702953625786,0.6945571640968013,0.019043628711633218
